P,Dec,Ra,run,field,camcol
0.998615026473999,26.920078706108526,128.805263533819,003644,0128,3
0.9999995231628418,27.22168955379601,130.0946375922453,003644,0135,2
0.9999990463256836,27.86983805390616,130.80599502002144,003635,0137,3
0.9997736215591432,27.666681779842,137.70260234214322,004508,0172,4
0.997008204460144,27.735071786056164,137.850506429945,004508,0172,4
0.9999997615814208,28.097683607400768,138.5582516751701,004508,0177,4
0.9999992847442628,26.02650897130508,143.52186287299207,005038,0119,5
0.999977171421051,27.042305867373145,144.29608099405937,004569,0218,1
0.9999940395355223,27.280579799057097,149.13856722469654,004632,0059,3
0.9998685121536256,25.93908323621332,149.38380029277633,005071,0236,5
0.9999954104423524,27.76258215319193,152.41292500735804,004632,0078,2
0.9999975562095642,26.90101328488344,155.4381514331304,005071,0273,4
0.9999992847442628,27.38924793336224,157.54010734255058,005071,0286,4
0.9999600648880004,27.96623583420164,159.46986774605327,005061,0300,5
0.9999637603759766,26.08548800357532,162.36571231562598,005112,0346,4
0.9999998807907104,27.38711402379134,163.0765106543526,005061,0320,2
0.9999990463256836,26.473377894422725,163.24806898105172,005112,0352,5
0.9999977350234984,27.49300148598748,212.9917302685992,004649,0190,5
0.9999760389328004,26.993146981842024,213.3954554988277,004649,0193,4
0.9999511241912842,27.90462197557576,216.76197077451533,004588,0073,2
0.9563027620315552,27.95994648538402,216.76798752295025,004588,0073,2
1.0,27.12752610727206,217.15452056645424,004649,0215,6
0.9999843835830688,28.036919009828136,219.446761283758,004588,0088,4
0.9999985694885254,25.82473575253719,226.99079632404784,004628,0083,5
0.9999990463256836,26.829913337182354,227.8453686561396,004576,0698,3
0.9999995827674866,26.54167943459152,231.86179970509752,004576,0720,6
1.0,26.02473986702061,234.79748699311935,004010,0144,3
0.9999976754188538,26.784090942351693,240.435572867028,003927,0090,2
0.9999998211860656,25.955643526160078,241.67270001473335,003919,0252,2
0.9999800324440002,27.6746533115081,243.0938594264598,003997,0056,3
0.9890254735946656,25.846433168627904,245.8190969938445,003997,0076,3
0.9996047019958496,25.80055345509845,248.1021329119654,003926,0157,3
0.9940629005432128,25.826217174130186,119.43693298465868,002961,0030,3
0.9999852776527404,25.523631828891485,120.39840807395196,003530,0022,4
0.9999995231628418,24.23546421414923,120.62385791852226,003605,0079,5
0.9999998807907104,24.639736835597688,123.00118265743832,003560,0097,3
0.9999998807907104,24.57189122475915,128.29756192112708,004469,0118,3
0.9999852180480956,25.38675334109918,129.34236231553857,003900,0052,4
0.9654815196990968,25.35118531169443,136.48483135792964,004576,0163,5
1.0,25.17220655248503,136.87953601408478,004576,0165,4
0.9999770522117616,24.07933046410782,141.4131792186603,005038,0103,2
0.9999706745147704,24.060168656957288,142.22434253063582,005045,0207,1
0.9999522566795348,25.04937813386738,142.25001590531974,004632,0015,3
0.9999924898147584,24.592044117917546,151.1817041798206,005071,0244,1
1.0,24.074569084452413,158.60775292365585,005112,0321,1
0.9999998807907104,25.189935097951025,158.84600533993464,005087,0059,4
0.999994933605194,25.17632662606156,164.59228979323993,005087,0093,2
0.9999987483024596,23.83541207301878,165.16083324964544,005137,0341,4
0.9999921917915344,25.55573708018445,165.38150801606952,005112,0364,2
0.9997064471244812,24.03365837420674,166.66372800384292,005224,0096,4
0.9982802867889404,23.941175943047845,166.75889844580922,005224,0096,4
0.963679850101471,23.898128664668207,166.8663348983478,005140,0102,3
0.9950217008590698,23.868319131343583,166.82474677657814,005140,0102,3
0.9999971985816956,25.5386508488804,168.81900774633127,005112,0384,1
0.9991772174835204,25.44991268529385,169.34159127099716,005087,0121,1
0.9998432397842408,24.68739151061257,170.7991260412939,005140,0126,4
0.999987781047821,25.58286876326107,171.28245042772517,005140,0130,6
0.9999970197677612,23.91900826439982,171.35015144511732,005140,0129,2
0.9999919533729552,24.51623532652905,173.2122850507244,005140,0141,3
0.9999992847442628,24.587170573133093,173.41396980206505,005224,0137,4
0.9981194138526917,24.7507487386055,175.28663325812107,005224,0149,4
0.9999997615814208,25.70872533735909,177.8462366445327,005224,0164,6
0.9999998211860656,25.696373192744478,179.4097164287894,005116,0068,5
0.9999998807907104,24.89919354508897,179.5233700639129,005116,0069,3
0.9999996423721312,24.23075029889395,180.81258436392375,005224,0182,2
0.9999996423721312,24.44736791592772,182.33218328895063,005116,0086,2
0.9997544288635254,25.128808028933907,182.41046953071853,005224,0192,4
1.0,25.43762966748255,202.23506556004773,005115,0195,1
0.9999533891677856,24.78163371795384,214.7234238031633,004674,0077,5
0.9249485731124878,24.922356068839083,214.71244376614072,004674,0077,5
0.999363660812378,24.705266885651422,215.8413133232725,004674,0084,5
0.9940712451934814,24.676150176128264,215.99361505883112,004674,0084,5
0.9999998807907104,23.99940734784581,219.030488012328,004670,0141,5
0.9999890327453612,24.669418147973094,219.8472699100964,004649,0235,2
0.999996542930603,24.642263573053008,220.015946346004,004649,0236,2
0.9999933242797852,25.71965246308567,220.9409178270404,004646,0174,5
0.9999996423721312,25.68509396517638,221.38702470396385,004646,0177,5
1.0,25.409502036012327,221.79508820335417,004649,0245,5
0.9987524747848512,24.72167904455373,225.8867086361103,004588,0132,1
0.9986352920532228,24.542961276427807,227.63976052607023,004588,0142,2
0.9999938011169434,24.249574481851447,228.4081248682376,004588,0147,2
0.9986310005187988,25.133643550807,239.2410297284732,004002,0207,1
0.9994956851005554,25.41966958595429,240.75151957742776,003900,0697,4
0.9999998807907104,25.66957779733445,244.84849844256365,003992,0161,2
0.999890923500061,23.880978553624345,247.65321319602825,003997,0093,2
0.9735829830169678,23.98807488745596,247.68244950978132,003997,0093,2
0.9999728202819824,10.05633397936439,201.75548407902892,003909,0043,5
1.0,27.70103268976385,247.52425574069036,003723,0161,5
0.9999961853027344,10.492100063032808,146.88067068398783,003538,0195,5
0.999999701976776,9.606136904314637,144.1116528544997,003538,0176,4
0.9999980926513672,11.91601823915408,161.23957946754078,003538,0289,5
0.999999701976776,10.46037224052213,150.86153818245091,003538,0221,4
0.9999822378158568,12.188506671762708,159.01016102671073,003538,0275,6
0.9996544718742372,12.242230285250557,162.9528165142007,003538,0301,5
0.999999701976776,11.99478424044599,160.10542648555287,003538,0282,5
0.999951183795929,8.28642352222035,203.4968778477366,003905,0025,6
0.9989068508148192,10.381925435420849,203.0495678304773,003909,0051,6
0.9747067093849182,10.407914336604822,203.0600362925521,003909,0051,6
0.999999701976776,7.256891567442034,208.2083770162185,003905,0056,4
0.999996304512024,9.252617010939584,208.66727203903227,003909,0088,4
0.9999984502792358,11.553030070417956,218.129857962324,003894,0095,6
0.9999999403953552,9.56018730446752,210.19699881805556,003909,0098,5
0.9999991655349731,9.04917656139651,210.75276301945675,003909,0102,4
0.9999954700469972,11.503828066250277,217.33895399437583,003894,0090,6
0.9611831903457642,11.463342046965534,217.31738162937216,003894,0090,6
0.9996837377548218,10.65802727826634,217.4370358249168,003894,0091,4
0.9999979734420776,10.366094494921242,220.81725352465813,003894,0113,4
0.9999999403953552,9.564581766304885,210.5726507637737,003909,0101,5
1.0,7.092501389196064,210.73741603393356,003905,0073,4
0.999974489212036,8.989416502128474,211.776338605096,003909,0109,4
0.9954187273979188,9.051091254822827,211.7950331592451,003909,0109,4
0.9855873584747314,8.170884525885196,226.19669088968945,003909,0204,5
0.9999995827674866,8.069313842363798,229.3549606682968,003909,0225,6
0.9999992847442628,8.658048263746178,232.68663804397931,003894,0192,4
0.9999997615814208,6.1646173164757165,228.1872718826208,003910,0119,5
0.9999797940254213,6.101666694584476,228.7388985336323,003910,0123,5
0.9999905228614808,6.159439475087303,229.11796622043596,003910,0125,5
0.9998772144317628,5.969127562518611,239.1548713908072,003909,0291,4
0.997267246246338,6.097294319626805,239.0615526622687,003909,0291,4
0.9719572067260742,7.145942739698291,231.2060302445527,003909,0238,4
0.9999950528144836,7.098068989202438,231.276681926346,003909,0238,4
0.9999998211860656,7.262156889152673,233.71712500186788,003909,0254,5
0.999996542930603,27.916893550174,240.04803791408995,003919,0237,4
0.9999898672103882,25.16664282999587,244.29281918321044,003919,0268,4
0.9083948135375975,25.263398789382933,244.32690721357133,003919,0268,4
0.9999428987503052,25.66929615801584,244.84860530548437,003927,0116,5
0.9999942183494568,4.258872650374497,242.9342376436909,003910,0218,4
0.9997771978378296,6.93410915196326,244.88015167266283,003894,0274,5
0.999997615814209,10.986069649103664,215.84064742366215,003894,0080,4
0.9997934699058532,10.043077107888257,226.09354138249043,003894,0148,5
0.9999916553497314,27.204368835021448,241.2280795760352,003919,0245,4
0.9742247462272644,27.09627946308168,241.12611224321037,003919,0245,4
0.9999353885650636,26.1316513304072,243.19908465068087,003927,0107,4
0.9999997615814208,25.56284437672644,244.9146733332711,003927,0117,5
0.9999966025352478,15.218089480322474,0.9294768621531512,001739,0308,4
0.9999938011169434,25.996505405728303,7.0278342412507735,004836,0408,6
0.9999992847442628,24.60361198672444,8.603295201528132,004836,0418,3
0.9999997615814208,23.953923084422883,22.841980194718595,004843,0083,4
0.9999994039535522,13.806176395365938,25.979578915129384,001035,0133,3
0.9999995231628418,14.76394885522025,28.461184975788758,001035,0149,6
0.9999949932098388,14.104268064661738,33.013507814622976,001043,0215,5
0.9999922513961792,29.25976788824677,39.87440458413401,005934,0131,4
0.9999995231628418,16.18299824249025,130.24408360741674,005112,0136,2
0.999999463558197,25.06990601929344,130.71966388062057,004517,0135,5
0.9999999403953552,24.319682976163502,132.7545728787579,004508,0135,2
0.9999913573265076,5.9275558493950165,137.0443365326786,003031,0113,2
0.9999988079071044,4.273065632701744,147.74637844682587,002126,0191,4
0.998413860797882,14.75678148744365,156.1668556421224,005360,0069,2
0.9999657273292542,25.307901650188025,157.93027137589073,005087,0053,5
0.9999998807907104,13.4495908123691,159.05269694800998,004344,0134,3
0.999993860721588,13.720842694989182,159.4688164691593,003631,0286,4
0.9999786019325256,14.070528795226313,161.84331734994035,004344,0153,4
1.0,7.619698754297893,163.2459601913125,003015,0328,5
0.9999929666519164,11.11781798950696,165.88500585610842,003804,0056,2
0.9999919533729552,8.368605564329075,166.03688152984736,003031,0306,1
1.0,10.200060004735173,168.2170406202503,003031,0321,5
0.9999998807907104,23.910975580363232,169.02675753267164,005224,0110,3
1.0,11.86528275123001,172.30124060926116,003804,0099,3
0.9999869465827942,24.13264216002412,174.4270522103117,005116,0038,2
0.9999987483024596,10.224985487316738,175.2655495058636,003525,0136,4
0.99809730052948,14.992889370438592,175.5694677004355,003631,0391,4
0.9737056493759156,14.994594402282956,175.57427268097945,003631,0391,4
0.9999999403953552,9.212625745547296,176.19097538497468,003031,0373,2
0.9999436140060424,25.988938355435693,177.60597420859386,005116,0058,6
0.9983215928077698,26.0053345044558,177.74221859865634,005116,0058,6
0.9999997615814208,24.472823595142657,179.77554909816172,005116,0070,2
1.0,14.449166888854377,180.3395062590961,004381,0065,2
0.9999998807907104,14.550631254571377,180.9605996953144,003631,0426,3
0.9988045692443848,26.226116357675124,182.37011513843223,005087,0200,1
0.9951221942901612,26.237610672188257,182.38693552694272,005087,0200,1
0.999996304512024,13.04930352072014,182.4770455337949,003804,0165,5
0.9998347163200378,14.36632978455181,182.50765834991552,004381,0079,2
0.9999995827674866,12.487616925949546,183.06265596195004,003836,0228,3
0.9999793171882628,14.771811958339114,183.35961043530037,003631,0441,3
1.0,24.264822661688942,183.45430171664967,005224,0198,2
0.9938604831695556,7.768719486342916,183.5464655131641,003842,0017,4
0.9980741739273072,7.77674342748386,183.53766666083047,003842,0017,4
0.9999996423721312,13.460392191825022,183.72970122283343,003804,0173,6
0.9999200105667114,10.005221945175784,184.26828075746985,003031,0426,4
0.999926507472992,8.674321402182363,185.4891943328366,003842,0030,6
0.9999998807907104,11.557910456202867,186.71167870561104,003836,0252,1
0.9999656677246094,15.220730855941094,188.6905278791818,004381,0119,4
0.9999897480010986,6.301412774897303,188.68749004663871,003841,0159,1
0.9999712705612184,6.62042028302954,189.15679575740765,003842,0054,1
0.9999924898147584,7.10555829767303,189.43867202810355,003841,0164,3
0.97967267036438,26.062720786254918,190.41037395419707,005116,0134,6
0.9999994039535522,12.114184657595166,191.03997782789912,003805,0026,3
0.9999996423721312,26.304286178918296,193.6225142426792,005115,0143,1
1.0,3.812885309776909,194.01880890594427,002247,0222,1
0.9999986886978148,11.931612646363204,194.1828443050353,003805,0047,3
0.99078369140625,14.332507754712484,194.5522855358637,004381,0157,2
0.9996989965438844,14.217421930315467,194.66750672954768,004381,0157,2
0.9999993443489076,11.707288932203484,197.6832940730665,003836,0324,2
0.9999998807907104,5.475994826916448,198.02592353837943,002247,0248,5
0.999995768070221,27.629923475810003,203.8066011868398,004646,0072,1
0.9999939799308776,24.091359011339534,207.75322742591703,005116,0240,5
0.9999985098838806,23.84004827273831,210.68677470209565,005224,0363,6
0.9997750520706176,12.721737659172012,211.2237192304608,003971,0085,2
0.9999986886978148,9.3392124664526,211.2757143828644,003903,0199,4
0.9999719262123108,5.576323264505168,212.57823577263284,002391,0037,1
0.9999971389770508,4.261166879095553,218.66237545616676,001478,0071,4
0.9997918009757996,5.2767050603067664,218.845027788489,003905,0128,1
0.9351568818092346,5.313109400286837,218.9697657928696,003905,0128,1
0.9997846484184264,7.862817627110671,221.33929985868417,003909,0173,3
0.9999552965164183,9.508721296019786,224.1992011135038,003894,0136,3
0.9412497878074646,8.278310944547917,230.45094099150535,003836,0540,2
0.999996781349182,12.960524598068089,234.5910580745198,005317,0074,3
0.9999980926513672,4.182545022656273,236.40553368097736,003910,0175,2
0.9999998211860656,12.510550893203431,236.43343601053516,005317,0087,3
0.9999996423721312,25.922681008892383,237.6009306172614,004512,0252,5
0.9999924898147584,5.107838230582192,240.77103589421088,003903,0396,2
0.9999994039535522,29.13948751073277,342.6263412680026,006354,0128,2
0.9831948280334472,24.07462602256932,344.92293434021366,006366,0086,1
0.9999909996986388,31.89955755557816,358.9237656440527,004152,0079,2
0.9999998807907104,27.348183537152924,1.511732358154133,004135,0290,5
0.9999998807907104,24.20751102909144,9.43361958724198,004836,0423,2
0.999999225139618,15.067692165702306,5.913880742655272,002566,0347,4
0.9999999403953552,14.033224219538292,2.2041131839450294,001739,0317,1
0.9999999403953552,14.487811916895025,0.5612305264411367,001739,0306,2
0.9999982118606568,15.556082318598769,3.1201400827924104,002566,0329,5
1.0,15.0536121090831,5.202809490232428,002566,0342,4
0.9999984502792358,14.600041329545606,9.766803526854924,001035,0028,3
0.9999994039535522,14.45624021601962,9.852817795609756,001043,0065,2
0.9999996423721312,25.43630002982751,9.59988997689855,004836,0424,5
0.9999125003814696,23.97020647123393,1.2708461320116589,004851,0039,1
0.9999998211860656,14.525272134908358,3.2014552880878124,001904,0171,2
0.9999388456344604,27.02356493992008,1.7695430000606949,004152,0115,5
0.9999998807907104,25.60384043192919,3.3026632176899766,004836,0386,5
0.9999943375587464,24.849827960721868,4.050932300601135,004851,0056,3
0.9999758005142212,25.070687602858666,11.599991462974236,004851,0101,4
0.9999992847442628,25.293707263458742,12.310022324727743,004836,0440,5
1.0,25.48590897824384,5.528472387481013,004836,0399,5
0.9999897480010986,31.02166850353011,0.0890703251263289,004135,0264,4
0.9999989867210388,30.86914765304571,0.1332279942110678,004135,0265,4
0.999998927116394,31.938045585026558,0.1646510609209331,004135,0258,5
0.9999977946281432,29.598744658963003,1.163330376044179,004152,0097,5
0.999990940093994,28.27711212453463,0.7316977377516304,004135,0283,4
0.9999979734420776,27.136825968327685,18.689426670508,004829,0121,5
1.0,14.148390535144872,21.318913852762044,001035,0103,3
0.9999998807907104,14.677322757318649,22.56434934557552,001043,0147,4
1.0,14.15554413591276,22.942164251871286,001043,0150,3
0.9999994039535522,14.982526193206914,24.50198294500236,001043,0159,5
0.9999897480010986,14.874718662861063,20.067121349741026,001043,0131,4
0.9999960660934448,14.9246712800925,29.08112696674996,001043,0189,6
0.9999980926513672,27.1881331431939,19.52292406715556,004800,0103,3
0.9713728427886964,27.637169348803976,18.25863968177604,004829,0124,6
0.9999943971633912,24.779742423106708,25.86348478209278,004844,0033,6
0.9992518424987792,24.15493892159684,19.3615122075124,004829,0102,3
0.9992042779922484,24.138166031888133,19.340290170490757,004829,0102,3
0.9999998211860656,30.157034566229942,18.48404358783669,004800,0122,6
0.9999999403953552,32.179131855537456,20.747203211474755,004800,0137,2
0.9999905824661256,32.137330331630764,21.55372875921212,004829,0156,1
0.9999973177909852,29.115988847560956,19.61172808407956,004829,0135,4
0.9999998807907104,29.906355001069898,39.56833201502848,005817,0153,6
0.9999920129776,28.17903484373724,38.316574190900326,005934,0120,6
0.9995839595794678,26.89570787313114,37.92521255216552,005934,0111,5
0.9999997615814208,26.79727995483581,37.887348034187376,005934,0111,5
0.9999998807907104,26.54278778172069,37.90352426523013,005934,0109,5
0.9999933242797852,28.02032903368609,38.81383772564568,005817,0140,5
0.9999913573265076,14.467825364353883,32.87225914040601,001043,0214,6
0.999959111213684,24.43449976350448,36.56076308718982,005934,0093,5
0.9999701976776124,24.869954088572555,36.882811891534345,005934,0096,5
0.9999997615814208,25.15379748122468,38.22269808645508,005934,0102,3
0.9987260699272156,24.486668279661984,38.67773995643924,005934,0099,1
0.9999974966049194,31.491493858897723,40.30120732918396,005934,0145,6
0.9999964237213136,29.288296412526588,41.01307394382753,005934,0134,2
0.9999995231628418,29.175705959953984,41.84429875009601,005817,0155,1
0.9999995827674866,13.84274178211331,119.986239482314,005061,0037,4
0.9999995231628418,27.159314212963075,113.66297936742228,002822,0035,4
0.9999996423721312,24.16537425092826,114.87773106847904,002830,0025,4
0.9999986886978148,26.35524202540262,116.67834776604612,002830,0044,5
1.0,24.985871977776743,117.30156400698507,002961,0016,5
0.9999938011169434,26.642906238961032,118.6755384527757,002830,0053,2
0.9999943971633912,24.748891622109667,118.6942335564082,002888,0058,2
0.9999998807907104,26.837591957594245,118.83993362360336,002830,0055,2
0.9999911785125732,15.728878041711814,116.44519806620548,004508,0018,4
0.9999984502792358,14.192538872537428,117.79326562784664,005045,0040,4
0.999999701976776,8.833040595469,116.84731617675575,005194,0019,4
0.9999980926513672,9.036485660173565,117.93746562945816,005182,0020,3
0.9999957084655762,9.701097777970595,118.07080443361218,005194,0029,5
0.9983409643173218,9.712328019745629,118.01054886594682,005194,0029,5
0.9999994039535522,9.224750074691514,126.21548528458209,006004,0068,3
1.0,25.788260949489825,127.0775662139804,003644,0115,3
0.9999971389770508,15.140721779356443,120.85235795632336,005037,0049,3
0.9999985694885254,25.486185189695664,127.4974508874137,003644,0116,2
0.9999624490737916,8.299995315873234,125.52473433367742,003631,0061,5
0.9999558329582214,9.130343504504363,130.03624030386996,004380,0100,4
0.999999225139618,9.340915478385982,132.67538354521204,003631,0109,4
0.999999225139618,8.895766321839638,132.2906231472126,003631,0106,3
0.9999999403953552,7.02721692935982,122.64173947974622,004380,0050,3
0.999985694885254,7.660584196041891,126.93764954615617,003631,0069,3
1.0,6.808441262893996,122.0574657369828,004380,0046,3
0.9999510049819946,6.927268928699182,123.7787878468317,003631,0048,3
0.959046483039856,7.065520483794125,123.7804743165692,003631,0048,3
0.999869465827942,5.178423472775402,129.13840486694065,003478,0085,2
0.9999931454658508,13.841548988452624,133.14078987534236,005183,0016,2
0.9999998807907104,9.232605665421332,123.88622331797882,005972,0056,5
0.9999997615814208,9.118419389450896,134.2732760718045,003830,0114,2
1.0,12.241855127554825,131.47497229872522,005935,0101,4
0.9999945163726808,5.358780629787864,121.1546299229241,003538,0021,3
0.9999992847442628,24.501789746847304,124.53465311892928,003635,0093,4
0.9999976754188538,25.728894343619764,120.01257704016332,003530,0021,5
0.9999759793281556,26.01479822794557,121.45160860911096,003462,0076,4
0.9999997615814208,27.41141902147719,121.88336918410025,002961,0047,2
1.0,25.83014348888825,122.3749250973894,003530,0032,2
0.9999920129776,25.319825183256228,123.42049118842108,003605,0097,3
0.9999997615814208,25.965498843574867,123.927374208491,003560,0107,4
0.9999997615814208,26.53558118168908,124.67044498854808,003560,0113,4
0.9999925494194032,26.046025184910988,125.78212079503405,003644,0110,5
0.9999983310699464,27.510417194550225,125.83099654807488,003606,0013,4
0.9999995231628418,24.017190514941948,126.40120009462328,004469,0106,4
0.9999936819076538,27.41939495701234,127.91972206021984,003644,0125,5
0.999999701976776,26.43002609308147,128.55634368251845,003635,0121,3
0.9999955892562866,25.117911042277782,129.7241880067162,003900,0053,3
0.9999004602432252,26.424750007671904,132.107967916875,003900,0070,3
0.9706932306289672,26.41327193762486,132.08399181935087,003900,0070,3
0.999996781349182,26.996686176371384,133.4358552860841,004469,0153,2
1.0,24.536359641094,134.79709232415678,004569,0159,4
0.9999077320098876,12.077786307731678,120.02619375475068,005080,0040,3
0.9836557507514954,12.063503240667702,120.1254622524208,005080,0040,3
0.9999992847442628,15.078632103483908,123.0099909054951,005071,0056,3
0.9987567663192748,14.97306682162924,127.15755613130372,005112,0115,2
0.9999992847442628,16.19215975380813,132.11578046066305,005137,0128,5
0.9999990463256836,12.372100176877463,134.0309457876616,005849,0117,2
1.0,13.05573721840042,134.30690560897202,005935,0120,4
0.9999998211860656,11.623293002133783,120.30416693414404,005794,0032,4
0.9999600648880004,11.074035416096452,120.71218845562343,005137,0047,3
0.9999985694885254,7.819061333672699,124.20099389089486,004380,0061,4
0.9999990463256836,9.208662079188583,128.1546038419157,006004,0081,2
0.9999991655349731,4.853956975633862,120.04678293096268,003630,0022,2
0.9999822378158568,3.8970599110901145,125.92072004883566,002986,0049,4
0.9999914765357972,4.945766282885326,131.5906650822401,002986,0087,5
0.99519681930542,6.902567413480534,120.58977629987868,004380,0036,4
0.9999997615814208,7.050201198300601,131.54782079906593,003630,0100,2
0.9999995231628418,13.121757755763502,137.7753912513446,005935,0142,2
0.9872773885726928,13.080267969534098,137.84582402262765,005935,0142,2
0.9999996423721312,27.56836668232539,144.4483150596853,004576,0213,3
1.0,24.131160778663727,146.6562448294178,005061,0219,3
0.999995768070221,14.583970358878291,137.22426557904933,005849,0141,5
0.9999992847442628,8.028746335584247,148.24529301143684,003518,0051,3
0.9999999403953552,7.789861806431961,148.25891003324003,003031,0188,3
0.9999997615814208,15.609055182396911,149.05394906084467,005935,0217,2
1.0,10.013035802190297,146.1542790057459,003630,0199,4
0.9998972415924072,8.909264624611852,146.46009537246402,003630,0200,1
0.998634159564972,8.935226469035054,146.55606286169393,003630,0200,1
0.9999955296516418,9.73468846666025,147.56281113959716,003538,0199,3
0.999976634979248,11.30187767029302,147.9157862558039,003631,0210,2
0.9999977946281432,10.544576619672153,136.35562061749317,003631,0134,5
0.999999225139618,10.26837827319459,140.1616678106291,003830,0154,2
0.9999173879623412,10.69614911549654,141.96704172044454,003631,0170,3
0.999998152256012,10.0993644588925,143.0857057658238,003630,0179,5
0.9999998211860656,11.346755887970708,140.38306498205003,003631,0161,5
0.9999836683273317,11.278939547415725,146.12640238598803,004344,0049,2
0.9999985694885254,12.579372794724213,146.3995571415454,004344,0052,5
0.9999706149101256,12.513104136886373,148.47298814611693,004344,0065,4
0.9999996423721312,9.604133735556996,148.68965614502494,003630,0215,2
0.9999998807907104,8.689012258369909,144.3585365293667,003630,0186,1
0.9999836683273317,6.473192110991597,136.82345276576106,003031,0112,3
0.9999420046806335,6.924354805952122,144.50265079161693,003031,0163,2
0.9999925494194032,6.087934373663515,144.82645804536932,003015,0205,4
0.9999997615814208,5.867988841861622,136.3022211065197,003031,0108,2
0.999999701976776,13.82024430341031,139.73162024468536,005312,0050,2
0.9497305154800416,13.616336779605078,140.4235138482646,005312,0054,1
0.9999984502792358,9.252495427294065,145.75747603825997,003630,0195,2
0.9999735355377196,10.19124760114537,136.23755856894863,003631,0133,4
0.9999994039535522,12.049867240861053,136.93383038046443,005972,0144,4
0.9999999403953552,12.009391383491886,137.34421145966567,005972,0146,4
0.9999905824661256,10.504286297864308,139.4372669213582,003830,0150,3
0.9980378746986388,10.058490092397925,146.0828269301705,003630,0198,4
0.9943694472312928,10.1015995351553,145.98376753119263,003630,0198,4
0.9999643564224244,4.889686987434215,145.71179808821364,003015,0211,1
0.9989557266235352,7.454385365716861,140.2791891706358,003478,0160,4
0.9999991655349731,7.364499929195417,140.36280013895316,003478,0160,4
1.0,15.82638202918507,148.21065589264958,005935,0212,3
0.999996781349182,13.780204805850762,149.5300486537238,006004,0224,2
0.9999853372573853,9.925345239462048,145.05511159599456,003630,0191,4
0.9999457597732544,10.905554731793256,149.11222191784032,003630,0219,5
0.9997503757476808,10.852032057281862,149.166810852101,003630,0219,5
0.9999998807907104,14.577438042158713,135.9875053477911,005815,0090,2
0.9999998807907104,14.714384162792925,139.23194169223058,005935,0154,5
1.0,14.161376389805197,139.87997685229735,005935,0157,3
0.9972786903381348,15.824095208901428,141.61494193586904,005183,0073,1
0.9698377847671508,15.702339590118426,141.69059603659124,005183,0073,1
0.9999995827674866,14.79117270469452,142.38756599870723,005312,0069,3
1.0,13.782987135927968,142.71583776426976,006004,0180,5
0.9999775290489196,13.913051552181454,143.54790564087364,005972,0189,5
0.9999996423721312,13.12135263916616,143.80065309879473,005972,0189,3
0.9999866485595704,12.971677574150828,144.4563004363201,006004,0190,2
0.9999998807907104,12.54646342400199,144.6032064994621,006004,0191,1
0.999994933605194,15.310561917881689,145.4945028921499,005935,0194,3
1.0,14.403820491914413,146.98456297417422,005972,0211,5
1.0,15.807071910953304,147.31224010066626,005935,0206,3
0.999999701976776,14.775906005051164,147.40877491420915,006004,0211,5
0.9999995231628418,25.312364152323333,135.93175192030262,004576,0160,5
0.9999977350234984,27.548368612980408,136.66092187709026,004508,0166,5
0.996440291404724,27.65884612172298,137.9400611814353,004508,0173,4
0.9999990463256836,27.531702559304996,138.76667177828162,004508,0177,3
0.9999995231628418,26.450618544637337,139.32082679443135,004569,0189,4
0.9999986290931702,25.60157507381843,139.8165957762455,004569,0190,2
0.999998152256012,27.05718358645649,143.89042931019097,004576,0209,2
0.9999979138374328,8.921613415456422,145.2757998370592,003538,0183,2
0.9999992847442628,9.044569356984375,144.19347957050937,003630,0185,2
0.9999855160713196,9.67321901904773,138.4981321028679,003631,0147,2
0.998526096343994,9.749958053863775,138.48763999674574,003631,0147,2
0.999991536140442,10.591043510603928,139.0960339739306,003631,0152,4
0.9999988079071044,9.173294016453164,139.12880650879046,003630,0152,4
0.9999986290931702,4.098623713446894,144.34799214376633,002126,0168,4
0.9999998211860656,3.981992051947582,146.8866998587723,002125,0188,4
0.9999951124191284,6.43551876436544,139.1725158567997,003478,0152,2
0.999997854232788,7.049235609475632,141.3244751627448,003031,0142,3
0.999987006187439,7.543826187436831,142.0471578817469,003031,0147,4
0.9999969005584716,7.135434630046124,146.67677907040928,003031,0178,2
0.9999970197677612,13.00651383955394,161.67346685089638,003631,0300,2
0.999944806098938,27.538466626707425,159.0692356577392,005061,0297,4
0.9999983310699464,6.804806278642649,153.99817291646133,003015,0266,4
0.9999992847442628,12.926959982625863,157.97505285329032,004344,0127,2
0.9999998807907104,8.048991877266305,165.7579339397841,002986,0315,6
0.9999988079071044,13.106756025380871,151.88835448711865,003631,0237,5
0.9999997615814208,23.863914888575447,151.49534824192253,005112,0279,4
0.9999960064888,11.555306614298509,150.42749051310983,004344,0077,1
0.9874277114868164,11.439643990156249,150.38768117392587,004344,0077,1
0.9999989867210388,12.363673958147372,150.51784751348742,004344,0078,3
0.9999999403953552,16.022944831685898,150.8880276190718,005935,0229,2
1.0,8.593579740453139,153.3842093417146,003031,0223,4
0.999964475631714,8.517088538042572,156.1478438634755,003031,0241,3
1.0,14.650682029124512,158.12932162329514,006004,0280,1
0.9999889731407166,9.274398661436669,160.03675044342367,003031,0267,4
1.0,8.149196169331843,164.40081214343795,003015,0336,6
0.9999984502792358,13.93384517510298,159.23577994676106,004344,0136,4
0.9999990463256836,11.951897404714812,169.8100757729977,003836,0142,3
0.9999968409538268,12.08117841839464,152.4437229233773,003631,0240,2
0.9999998807907104,10.637505638511657,150.42716365455064,003630,0227,4
0.9999687671661376,10.973886743261907,153.6342030067133,003836,0036,4
0.9998722076416016,10.628852618315236,160.23796655972004,003538,0282,2
0.9999989867210388,12.350574363743922,150.77874309127782,004344,0080,3
0.9999922513961792,13.01446463268788,155.04197334300966,004344,0108,3
0.9999004602432252,14.010265695547297,155.5085512988499,003631,0261,6
0.9999985694885254,13.14581167941848,156.21377619404544,004344,0116,3
0.9999998807907104,13.956878630008749,160.61041577537264,004344,0145,4
0.9999995231628418,9.183816767193347,154.82340505363828,003031,0233,5
0.9999817609786988,7.998881495806461,161.18892426987094,003015,0314,6
0.9999974370002748,7.271167257887484,150.19245610460467,003518,0063,1
0.9999998807907104,7.025613543418046,157.79971770097382,003015,0292,4
0.9999513626098632,7.598687239073767,158.22037770869875,002986,0265,6
0.9999996423721312,7.031575144578911,158.66163984545665,003015,0297,4
0.9997844696044922,7.560819394301127,163.08246533291833,002986,0297,5
0.9991596937179564,5.997208123594167,153.41503805633317,002986,0232,3
1.0,6.80239145137653,155.05795569356323,003015,0273,4
0.9999991655349731,5.870563946182589,150.7590434453361,002986,0215,3
0.9999999403953552,5.005873901239624,151.46361539405206,002126,0216,5
0.9999998211860656,5.722102814819795,153.1094428524932,002986,0230,2
0.9999270439147948,5.467257324357925,159.44215036046717,002125,0271,6
0.9999980926513672,4.499634818594452,154.05853275655272,002125,0235,4
0.9999898672103882,4.689699199997673,155.00436025076965,002126,0239,4
0.9999998807907104,4.4542298904015984,156.66945047784904,002125,0253,4
0.9996939897537231,9.174388181863566,164.36416568512527,006160,0051,3
0.999907374382019,15.371403259901127,158.50977889204572,005360,0085,3
0.9999719858169556,12.155848313836357,150.66170773365576,003631,0228,3
0.9999999403953552,7.037731122590147,160.35883409212803,003015,0309,4
0.9999979734420776,15.768717842202118,150.01086597809922,005935,0223,2
0.999976396560669,15.760242477420364,150.48056871441395,005312,0121,1
0.9996955394744872,12.316810321295725,151.66794927148672,003631,0235,3
0.9999129176139832,12.250364590134186,151.71340353525576,003631,0235,3
0.999977171421051,12.986193307405934,151.8563384783757,004344,0088,4
0.999985694885254,15.285466728864096,156.05915187375325,006004,0267,3
0.9999905228614808,12.988857929490289,159.69428770018186,004344,0138,2
0.999999225139618,11.909998653149618,162.16260581439963,003836,0092,4
0.9947508573532104,13.828054616053011,162.4284027683818,004344,0156,3
0.9986288547515868,13.74523140726178,162.30589264200972,004344,0156,3
0.9992176294326782,12.439465843469542,162.8683981136208,003836,0097,5
0.9999576807022096,12.242422180709951,162.95288678429085,003836,0097,5
0.9999998807907104,14.866366758866931,164.08126876982843,004344,0168,5
0.9999979734420776,13.930206656124945,164.63400216729747,004344,0171,3
0.999989688396454,14.790633929567282,155.75174621106967,006004,0265,2
0.9838006496429444,10.16941869274452,160.6821337934746,003031,0272,6
0.9999977946281432,7.22586363718401,151.54499607982802,002986,0221,6
0.9987355470657348,7.163187599785048,151.56060816538638,002986,0221,6
0.99999737739563,8.98690958083568,160.57694768093398,003518,0133,3
0.9999749660491944,28.039154742507048,161.72084287010492,005061,0313,4
0.9998437166213988,8.782479814345715,151.2454433532631,003031,0209,5
0.999972403049469,10.001069051776687,154.90469471308776,003836,0043,1
0.9999966025352478,5.393416945432078,164.68282272481682,002126,0304,5
1.0,5.956229309374394,158.30335177825614,002986,0265,2
0.9999987483024596,8.46169768190457,153.6384030871876,003518,0087,3
0.9999998807907104,7.7469569292416995,164.64671668464436,003015,0337,5
0.9999808073043824,9.826697262078849,163.78636767473773,003031,0292,5
0.9999997615814208,9.418791635172369,164.17070943365292,003031,0294,4
0.9995276927947998,8.608866481232425,164.85617613474386,003031,0298,2
0.9951363801956176,8.62424831957373,164.75559789964777,003031,0298,2
0.9999996423721312,26.16324295518981,162.0447084198246,005087,0079,5
0.9999477863311768,5.632779475291467,158.6191989529405,002986,0267,1
0.986071228981018,5.609105861695509,158.62345114275365,002986,0267,1
0.999113380908966,3.874188867180437,159.74218154186516,002125,0273,2
0.998120903968811,7.1352774453106,151.51944958707253,002986,0220,6
0.9999449849128724,6.895881586275196,153.44799814318162,002986,0233,5
0.9999986886978148,10.12605589471629,167.60485119668795,003031,0317,5
0.9999983906745912,13.878641409808813,178.00740197983575,004381,0049,1
0.9999892115592957,14.14612384643136,172.72243668766927,004344,0223,2
0.9999823570251464,11.019950160322376,173.7224742520336,003525,0126,6
0.9999997615814208,14.223584931424792,175.79334130064473,004381,0035,2
0.9999880790710448,8.787803576256932,171.80356866370795,003525,0113,1
0.999998927116394,11.408278038478072,169.85455211352,003804,0082,2
0.9999983310699464,11.77113801028104,173.70008905445596,003836,0167,2
0.9999990463256836,12.792438345181148,166.98326184968784,003804,0064,6
0.99997079372406,12.92527367515572,169.27892943252172,003804,0079,6
0.9998754858970642,12.790594391408147,176.16492833797042,003804,0124,5
0.973092555999756,12.882108529684771,176.15937447062063,003804,0124,5
0.9998595714569092,12.614582196880242,177.14707993297333,003836,0190,4
0.9732574224472046,13.157501019357134,170.57415976455573,003804,0088,6
0.97693133354187,12.979612075481754,170.5999941014237,003804,0088,6
1.0,7.287501516687417,172.25949471012916,003015,0388,3
0.9999998807907104,7.075298115679935,174.92220678461518,003841,0068,3
0.9999989867210388,6.7419002514564825,170.63088418547363,003015,0377,2
0.9999990463256836,5.317876168370576,168.59775666487965,002247,0053,5
0.9999682903289796,5.07370026950558,173.50211632650365,002247,0085,4
0.9999992847442628,5.833665277524441,178.5283035289586,002247,0119,6
0.999990701675415,4.046391133357111,165.475372717507,002125,0311,2
0.9999815225601196,4.444758567154758,166.6726307134566,002125,0319,3
0.9999984502792358,4.080316412254541,169.14371390100098,002247,0056,2
0.999999701976776,4.3598367202856085,169.41035609752967,002126,0335,2
0.9999935626983644,4.692144831122543,169.55664045498148,002126,0336,3
0.9999998807907104,4.164704377207801,177.23013766155603,002247,0110,2
0.9999837875366212,3.889547479861553,171.82828438922462,002126,0351,1
0.9999999403953552,12.980788748196808,175.9490401407619,003836,0182,5
1.0,14.210348596961245,179.45306794508735,003631,0416,2
0.9026665687561036,15.99416258221298,173.87345696737705,005360,0184,1
0.9998939037322998,16.02479329137714,173.95587412686388,005360,0184,1
1.0,6.686338762555991,176.4065857946277,003841,0077,2
0.9996371269226074,7.060358165023914,176.12702119781594,003841,0076,3
0.9984662532806396,13.704147350847638,176.96135201439557,003631,0399,1
0.999835968017578,15.028092149661369,176.18357064846202,003631,0395,4
0.999873161315918,14.872401916991771,177.00145713672717,003631,0400,4
1.0,15.460072327164644,178.08417431049915,003631,0407,5
0.9999957084655762,15.225491893464818,179.6562808955457,004381,0060,4
0.999929428100586,13.346603188665096,176.01586346283304,003804,0123,6
0.999991238117218,10.664717195901517,166.34423604309666,003525,0077,6
0.9999983906745912,10.156822646537488,167.26500225088068,003031,0315,5
0.9999998807907104,11.44879599742225,169.32959619437193,003836,0138,2
0.9999862909317015,16.01670468980932,165.8598737170271,005381,0079,2
0.9999980330467224,16.110982303402363,166.13573774528075,005381,0081,2
0.9999991655349731,12.230376970159591,166.6471950062766,003836,0121,4
0.9997209310531616,13.089174993653806,167.03708895055914,003836,0124,6
0.9840441942214966,13.137316239882542,167.02847850865348,003836,0124,6
0.9741230010986328,12.998402211510138,167.0085226372532,003836,0124,6
0.9999998807907104,15.40707503530029,168.31784893938328,003631,0344,6
0.999996542930603,12.898607069519093,168.82673898679022,003804,0076,6
1.0,12.460419907829108,170.74629774826826,003836,0148,4
0.9999984502792358,12.500321807186186,174.31711480912165,003836,0171,4
0.999999701976776,8.01926958115304,175.60521425019107,003841,0072,5
0.9999997615814208,8.706517000469368,176.75554380064156,003031,0377,1
0.9966742992401124,8.871161302425323,179.9051920296439,003031,0398,1
0.9999954700469972,6.959782837630939,177.39366860343958,003015,0421,2
1.0,6.675362689012206,179.28011064074892,003841,0096,2
0.999975085258484,5.040596976348374,166.02347203710036,002126,0313,4
0.9999898672103882,5.351961023957826,166.17436182515434,002125,0316,5
0.9972354173660278,8.437254960783717,173.18572145744065,003015,0394,6
0.999997615814209,4.6141052944484935,168.07378384410976,002126,0326,3
0.9999938011169434,4.875856248123191,169.00003079430394,002247,0055,4
0.9999996423721312,5.5245657443273775,170.6308253245427,002126,0343,5
0.9999380111694336,5.616625154750972,171.87047411659762,002126,0352,5
0.9999969005584716,5.524166604472772,173.7968601239893,002247,0087,5
0.9998503923416138,5.531347354867033,177.95510647392342,002247,0115,5
0.9999842643737792,5.015579974346347,178.62217846659794,002247,0119,4
0.9999994039535522,7.305865410486703,169.13174616154825,003841,0029,4
0.9994684457778932,7.03883128987676,169.2205290715578,003015,0367,3
0.910170078277588,7.02842900899874,169.1889130406317,003015,0367,3
0.999992609024048,7.306532528293483,170.54435860928717,003841,0039,4
0.9999820590019226,7.292588587707074,173.14569008908728,003015,0393,3
0.9999999403953552,7.258041961096244,177.19557509454927,003015,0420,3
0.999994456768036,7.53281804768381,177.2500252039332,003841,0083,4
0.9999991655349731,7.399762327622162,177.77668008166563,003015,0424,3
0.999993622303009,7.321438705462585,165.91141466419256,003015,0345,4
0.9708083868026732,7.298349523621101,165.76553729269787,003015,0345,4
0.9999997615814208,26.13090046841309,176.3945577410462,005087,0164,1
0.9735704660415648,9.415840299666955,179.0169846463495,003525,0160,2
0.9999989867210388,13.470288693705152,180.77281376949333,003804,0154,6
0.9999995231628418,12.420796357610554,180.7818340909692,003836,0213,3
0.9960641860961914,11.840325954724149,181.0013095952974,003804,0155,2
0.991074800491333,11.650201204849266,180.89737972358304,003804,0155,2
0.9999940991401672,14.646062978345588,182.67024553836865,003631,0437,3
1.0,6.979531943988716,183.09446235754012,003842,0014,2
0.9999996423721312,13.084898293348129,183.697174669625,003804,0173,5
0.9999930262565612,13.032318881940649,183.76661519282524,003804,0174,5
1.0,14.02492072335712,183.9736300709796,004381,0088,1
0.9999998211860656,8.373259185711387,184.0496107066737,003841,0128,6
0.9999998211860656,8.816408614451385,184.4220721096797,003031,0427,1
0.9970524311065674,8.942672183014784,184.31059288997525,003031,0427,1
0.9999998807907104,5.02765200772749,184.47067739592376,002247,0158,4
0.9999999403953552,11.481137458475516,184.5612841721168,003836,0238,1
0.9999999403953552,10.354182753894632,184.5608626375694,003525,0197,4
0.9999991655349731,12.597735146285592,184.7139769802993,003804,0180,4
0.9999772310256958,12.88472727900614,184.79683867374,003836,0240,4
1.0,5.986577106117485,184.8071344715973,002247,0160,6
1.0,13.309946435382994,184.85843111958872,003836,0240,5
0.9994567632675172,15.021620213223898,185.36339025119312,003631,0454,4
0.9681686162948608,15.075621784904977,185.4233529175791,003631,0454,4
0.9999997615814208,15.79894536965768,185.5324859262236,004381,0098,5
0.9999998807907104,6.013635047730347,185.66009816840827,002247,0166,6
0.9999997615814208,13.74419219131505,185.7806574162366,003836,0246,6
0.9994418621063232,7.595270620927488,185.90353051480707,003841,0140,4
0.9999939203262328,9.236035448941063,186.0418440497807,003031,0438,2
0.9999995827674866,8.193099740740266,186.5058379184135,003842,0036,5
0.9995017647743224,6.708165901076813,186.61133791126625,003841,0145,2
0.9996445178985596,6.7432473081920135,186.57997200708195,003841,0145,2
0.999998152256012,14.782225087380374,186.7467885821211,003631,0463,3
0.9998899698257446,7.670288195547195,186.8236397630972,003841,0146,4
0.9999992847442628,9.341099745073723,186.87552245071305,003031,0444,2
1.0,4.578268636794975,188.2422844991684,002247,0183,3
0.9996575713157654,9.25318203217429,188.2903946895928,003031,0453,2
0.9999947547912598,3.79390542431262,188.3724911027725,002247,0184,1
0.9999980330467224,9.185818174129354,188.754175487555,003031,0456,2
1.0,14.869628100402595,189.56594676476885,004381,0124,3
0.9996853470802308,5.739339753359282,190.57742564721423,002190,0057,5
0.9999997615814208,7.338722503389295,190.68691392412984,003842,0064,3
0.9999999403953552,7.654693689118904,190.7814145779591,003841,0173,4
0.999975323677063,13.103359495772862,193.09515103387008,003836,0293,5
0.9999773502349854,14.400482201318384,193.24628460685648,004381,0148,2
0.9999793767929076,8.827514468929605,187.16719768657984,003031,0446,1
0.9999996423721312,6.834869165085372,184.1406033148771,003841,0129,2
0.9999876022338868,12.961391746397688,186.7352400993501,003804,0193,5
0.9999995231628418,13.340281388376596,186.18958166623463,003804,0189,6
0.9999933242797852,12.060049639051188,192.7783972805262,003805,0037,3
0.9999896287918092,5.353463616821693,183.45866616189943,002126,0429,4
0.9999996423721312,12.63437954257438,193.2982960505025,003836,0295,4
0.9985527992248536,14.108828814603404,183.2450099754176,004381,0083,1
0.9999972581863404,13.200269637633168,183.73011363226655,003836,0233,5
0.9999980926513672,13.437228010136538,184.3554665913085,003804,0177,6
0.9999998807907104,4.402710918836372,184.57436932485888,002126,0436,2
0.9999998807907104,12.865174243057414,185.06071600462784,003836,0241,4
0.9999871253967284,13.519072869899192,185.1279849035208,003804,0182,6
0.9999985694885254,6.393662948491384,185.34313464415192,003841,0137,1
0.9999847412109376,9.739023842495763,185.4586595837768,003031,0434,3
0.999996542930603,9.620532312882244,185.35365938627228,003031,0434,3
0.9999927282333374,7.131381649197164,186.10679257771176,003841,0142,3
0.9540868997573853,13.307360540117935,187.56672767751044,003836,0258,5
0.9999885559082032,13.223939754350782,187.70430498748428,003836,0258,5
0.9999999403953552,4.020052387179184,187.85547802117668,002190,0039,1
0.9994549751281738,5.172315890432219,187.97462779789976,002247,0181,4
0.9999976754188538,5.952953113288661,188.50625803522573,002247,0185,6
0.982967495918274,5.828561077166998,188.59202551484327,002247,0185,6
0.9999995231628418,6.668795999168401,189.67775768472816,003841,0165,2
0.999999463558197,8.04114132263901,192.0868955649821,003841,0181,5
0.9999995231628418,9.316616188114658,192.10241440195483,003903,0073,2
0.9999999403953552,12.10306448545005,183.63682661025567,003804,0173,3
0.9999931454658508,5.765768820048452,190.84558837400348,002190,0059,5
0.922054886817932,5.645208279859811,190.78990210729583,002190,0059,5
0.9999998807907104,4.392396021894542,192.3571382697246,002190,0069,2
0.9999997615814208,10.016963925670662,181.097916248428,003031,0406,4
0.999995231628418,10.180388245000296,185.50059196415512,003031,0435,4
0.999869465827942,9.533629501799126,180.1320286234968,003525,0168,2
0.9662081003189088,9.406105254967754,180.2545028599721,003525,0168,2
0.9999995231628418,9.209393945561418,181.95877018079136,003031,0411,2
0.999989092350006,11.226973182203327,184.56636769116776,003525,0197,6
0.999985933303833,9.607875194566232,186.92457459896968,003031,0444,3
0.9925472736358644,9.920996422020874,186.81918138334697,003525,0212,3
0.9992631673812866,14.641955043682678,193.35636512149645,004381,0149,3
0.9999988079071044,7.8138581959222,180.77207359144305,003015,0444,4
0.9999974966049194,6.043779281552949,180.57616248379733,002126,0410,6
0.9999841451644896,4.658428902590084,183.1946318504029,002247,0150,3
0.9999995231628418,4.172451890426893,191.12013888494675,002247,0202,2
0.9999999403953552,10.7387828837298,193.89641154257808,003031,0490,6
0.9998486042022704,11.967098930007465,185.4816631831017,003836,0244,2
0.9958103895187378,12.182680012473122,191.22076297416376,003805,0027,3
0.999780774116516,12.06435047458666,191.1979210773657,003805,0027,3
0.9999998807907104,13.45981522721377,180.85940575249185,003804,0155,6
0.9990748763084412,11.247509451552842,188.10251114497837,003804,0202,1
0.9999951124191284,13.82856897580299,182.1056898379439,003631,0433,1
0.9999991059303284,14.242528334487565,181.8631922199714,003631,0431,2
0.9999998807907104,12.50109965266827,182.08632144611343,003804,0163,4
0.9974936842918396,15.799687868938523,185.5759664735337,004381,0099,5
0.9480811357498168,15.163582363569,186.1464190335373,003631,0459,4
0.9999951720237732,14.496856966861278,187.3134548170613,004381,0110,2
0.999999225139618,14.84534069391204,190.37079451023703,004381,0129,3
1.0,4.457447442078388,193.06461622528968,002190,0074,2
0.9999997615814208,11.492711536852273,183.4467909022615,003836,0231,1
0.9705776572227478,10.625888208666767,185.30503121288925,003031,0433,5
0.9999992847442628,10.484471856119258,188.1027062327438,003031,0452,5
0.9999996423721312,8.154902247802685,188.82119268839816,003842,0052,5
0.9999962449073792,10.787313905112628,190.3141999304608,003903,0061,5
0.9996556043624878,10.7628474518533,190.3727930486658,003903,0061,5
0.999998927116394,9.580703519666883,192.51843890940935,003031,0481,3
0.9999884963035583,14.210374969509475,184.029136681174,003631,0445,2
0.9920403957366944,6.672519396092706,186.87669951428103,003841,0147,2
0.999978005886078,6.667896534386971,186.97416491753583,003841,0147,2
0.9999995827674866,6.825401486883265,188.40904438817012,003841,0157,2
0.995790719985962,24.68314259825892,181.59325453021145,005224,0187,3
0.99998676776886,9.103365874723096,192.39004656340435,003031,0480,2
0.995788872241974,10.230709720932326,183.7066885994785,003525,0191,4
0.999997615814209,11.448067670987374,190.5453308031414,003836,0277,1
0.9999964237213136,7.898738997860281,186.2123260213056,003842,0034,4
0.9999950528144836,6.089493067712188,191.08703445747165,002190,0061,6
0.9965603351593018,6.079238525985614,191.1757513163544,002190,0061,6
0.9998433589935304,7.743599983557059,192.31923301612105,003842,0075,4
0.9999950528144836,9.594276204871402,193.2241732786527,003031,0485,3
0.9999931454658508,6.155276208619275,185.73291681909487,005402,0027,6
0.9999982714653016,5.340634268870391,186.404101794956,005402,0032,4
0.9998229742050172,5.437022598521311,186.5619604144421,002247,0172,5
1.0,4.867374271708369,194.0144174769614,002190,0080,3
0.999999701976776,4.990981781429602,194.32541727430927,002247,0224,4
0.9999986886978148,27.590118147739336,193.1651810094689,005115,0140,4
1.0,26.86099876063579,193.8513088681379,005087,0268,3
0.999999701976776,11.358740164800674,184.7072778364183,003804,0180,1
0.999998927116394,8.701410032353435,188.8712477953027,003842,0052,6
0.9991548657417296,8.14547827333866,194.27905308156997,003842,0088,5
0.9999996423721312,25.56798947882092,184.5647317791564,005224,0205,5
0.9999954700469972,10.43336479021943,196.59721389054877,003903,0102,5
0.9999979734420776,4.244825808850674,208.63967227426065,002247,0319,3
0.9999998807907104,26.773152730982627,196.14078495054,005087,0282,3
1.0,7.83644546603841,209.44110802561053,003841,0296,6
0.9999969005584716,8.546523861388925,204.1816423377544,003903,0153,1
0.9999994039535522,24.35239266501173,198.3027369425082,005116,0183,3
0.9999996423721312,8.353225167948514,208.4050437035796,003909,0087,2
0.9999986886978148,5.576070452223799,207.1683397557025,002247,0309,6
0.9999998807907104,12.357871117261796,196.8796339256608,003805,0064,4
0.9999895095825196,11.81192471776498,198.15696632253824,003805,0073,3
0.9999747276306152,11.730048126440758,201.8897912908201,003805,0097,3
0.9999516606330872,11.806594571912576,202.9771611966345,003836,0358,3
0.9999985694885254,5.243219905529235,197.2775793327261,002190,0102,4
0.999997854232788,5.183103454896683,198.02617602310883,002190,0107,4
0.9999759197235109,4.7419317634513245,199.10135293425265,002190,0114,3
0.9999998807907104,4.521956114950632,199.4848470143777,002247,0258,3
0.9999991655349731,4.515317727681082,200.91798685366976,002247,0268,3
0.9999998211860656,4.844003168618115,202.26232669071885,002247,0276,4
0.9999968409538268,4.445725161857579,203.26797396947904,002247,0283,3
0.9999810457229614,10.962176230329018,202.19740414319904,003836,0354,1
0.9132475852966307,11.029816384069054,202.23138389493545,003836,0354,1
0.999998927116394,5.118505124328578,208.2461829671947,002247,0316,5
0.999999701976776,15.373238271991628,209.42102981574104,005326,0064,2
1.0,12.923649540798452,195.092216230535,003805,0052,5
0.9999999403953552,8.60939608884926,209.13806638993583,003903,0185,2
0.9999986886978148,8.10800485394786,204.71170391175588,003841,0265,6
0.9999995231628418,14.934585994055173,195.41842359420875,003970,0090,4
0.999989092350006,11.806141032448672,197.07132465717456,003836,0320,2
0.9998932480812072,14.6233053760322,197.08381381664893,004381,0173,3
0.9999901056289672,13.806999014827754,197.7439354367472,003970,0105,2
0.9999992847442628,15.530566017647208,197.85707095580952,003970,0105,6
0.9998291730880736,12.956093685601916,198.13378165803488,003836,0326,5
0.9999990463256836,13.63571081512328,200.1996832538593,004381,0193,1
0.9993913769721984,14.07999524580392,200.6860325763848,003971,0016,3
0.9999989867210388,12.010009310406344,200.91149688819164,003836,0345,3
0.9999983310699464,16.089187574851685,202.0562745643386,005360,0364,2
0.9999995231628418,14.947401290439366,202.38739203299772,003971,0026,5
0.9999837875366212,16.166848726626313,202.82730487773657,005390,0192,2
0.9999972581863404,15.440966737039911,204.7995350242715,005360,0382,1
0.9999997615814208,15.223306859354782,204.88693456906307,004381,0223,6
1.0,15.608354046774098,205.67306909195844,005326,0040,2
0.9988877773284912,13.297990032583192,206.8182849516016,003971,0056,2
0.9967788457870485,13.177065769520194,206.8164872480485,003971,0056,2
0.9999999403953552,14.266191614136265,206.88549883051869,004381,0236,4
0.9999954700469972,15.955979089680584,207.44849403195724,005326,0051,3
0.9999989867210388,13.982421919473662,207.76341946464404,003971,0061,4
0.9999998211860656,14.247753274174032,207.88532706900264,004381,0243,4
0.999997615814209,13.864453883233312,208.6607486496012,003971,0067,4
0.9872567653656006,13.974081779990208,208.69656010184065,003971,0067,4
0.9999982118606568,14.519708996064432,209.01088000109505,004381,0250,5
0.9999961853027344,12.824758147713284,209.8848584372837,003971,0076,2
0.9999998211860656,10.52951344354187,196.14260303045413,003903,0099,5
0.9999626874923706,9.03753112721468,195.00941527630167,003031,0497,2
0.9999966025352478,9.223741323027518,198.64736264316687,003903,0116,2
0.9875669479370116,9.284538254882122,198.64293476542807,003903,0116,2
0.9999913573265076,10.284177253315551,203.3108665825802,003903,0146,5
0.9999850988388062,10.240014637888724,204.504257588766,003903,0154,5
0.9999964237213136,9.12084174607848,205.46743915644976,003909,0067,3
0.9999942779541016,8.002288684661846,206.7984469158048,003841,0279,6
0.9999985098838806,4.469500289874887,195.35436822485755,002190,0089,2
0.9999988079071044,27.650335160557184,203.17502187276165,004649,0133,1
0.999990701675415,7.893013741566749,205.1687878282748,003841,0268,6
1.0,6.919797019394412,208.0761666116464,003841,0287,4
0.9997677803039552,9.50419847519815,208.47603632508788,003903,0181,4
1.0,8.932466521907083,208.59624055035616,003909,0088,3
0.9999794363975524,8.994245574247469,208.99293428864996,003903,0184,3
0.9999884963035583,8.276028844417704,207.7601139948901,003903,0177,1
0.9999966621398926,5.386459882036016,195.47321141308475,002247,0231,5
0.9999972581863404,5.63304794362294,197.257954765893,002190,0102,5
0.9999998807907104,4.059824474218968,199.3720718115565,002247,0257,2
0.9999998807907104,4.42385921839245,200.1760811959935,002247,0263,3
1.0,5.542889673156471,201.32350732092596,002190,0129,5
0.9998934864997864,5.743714445618772,201.65426931656597,002247,0272,6
0.9999998807907104,4.675984402491091,201.7088246327392,002190,0132,3
0.9999998211860656,5.407760853989014,201.78336559260225,002247,0273,5
0.99999737739563,6.034723776894668,202.9841875717389,003841,0254,1
1.0,5.878288714399594,203.43345688959852,002190,0143,6
0.9999996423721312,4.846155905721636,205.403778088192,002247,0297,4
0.9999995827674866,4.147186603577323,206.04392233443855,002190,0161,2
0.9999995231628418,5.617967766784309,206.31955910580805,002247,0303,6
0.9999988079071044,4.253910295608929,207.6445196696749,002247,0312,3
1.0,6.415311505925661,197.05168489112725,003842,0106,1
0.9999940991401672,6.28568263219617,198.26866137085383,003842,0115,1
0.9999996423721312,7.222137228908126,200.01046656379512,003842,0126,3
0.9999810457229614,6.60137409802421,200.3789075622561,003841,0236,2
0.9983530044555664,7.18280056331758,200.99183920233813,003842,0132,3
0.9989833831787108,5.8652414104617465,201.17039075377156,002190,0128,6
0.9942569136619568,5.967082767393941,201.16572282111755,002190,0128,6
0.9999797940254213,7.926992074621024,205.73294288996377,003841,0272,6
0.9990543127059937,7.913052005197605,205.85259008125396,003841,0272,6
0.999998927116394,6.519548473565562,206.27671670257428,003905,0044,2
0.999976634979248,26.54601314083926,195.7122694763598,005115,0155,2
0.9999997615814208,25.985287105147336,198.9138038023437,005087,0299,2
0.9999997615814208,26.87997289688192,200.55939257730773,005115,0184,4
0.9999401569366456,27.717926616402043,200.8752486874644,005115,0185,6
0.9999822974205016,27.175602022124192,201.28597952221403,005087,0312,5
0.9999390840530396,26.52067136788945,201.80585827675264,005087,0316,4
0.9999976754188538,26.90781021135943,203.83719953638897,005115,0203,5
0.9999548196792604,27.854050969451507,204.0504017564848,004649,0138,2
0.9993404746055604,26.08887374668215,204.3019282971237,004670,0051,3
0.9999723434448242,26.412261994031528,204.82880343803487,004670,0054,4
0.999994158744812,27.33634776523908,206.29039155185333,004646,0087,1
0.9999896287918092,26.480848681988423,208.5733138913535,004674,0038,6
0.9988014698028564,26.22736205491521,209.91084288578497,004674,0046,6
0.999989092350006,26.17200202267928,209.88139965353403,004674,0046,6
0.999996542930603,26.59421896517829,201.5840054403444,005087,0314,4
0.9999990463256836,25.369904203528257,201.0590973525787,005087,0312,1
0.9999862909317015,11.57707822587219,219.17063741380596,003996,0100,1
0.9999995827674866,13.68698859237517,214.2859112673237,003971,0104,5
0.999994456768036,14.214602389036648,221.5990752090978,005326,0143,4
1.0,9.501632213006676,218.84727227979428,003836,0463,1
0.9999999403953552,27.63649694306249,219.19963596747203,004588,0088,3
0.9999983310699464,26.451692020066936,217.76622633998232,004649,0219,5
0.9999990463256836,24.351710405805843,219.99465482786573,004646,0172,1
0.9999728202819824,25.70359481080842,221.64039319615068,004646,0178,5
0.9999971389770508,10.192981325173092,223.1188754898428,003836,0491,4
0.9999966621398926,15.834856193706822,223.43644282075945,005308,0207,3
0.9999041557312012,8.994951693339848,210.13737782999357,003903,0192,3
0.9872549772262572,8.956945327120653,210.21059778841772,003903,0192,3
1.0,9.750976620703328,210.8073573812056,003903,0196,5
0.9999998807907104,13.318523447057077,219.40339478252133,003971,0137,6
0.999999701976776,5.176501691877992,221.12264884517305,003910,0073,1
0.9999990463256836,13.37461076427632,211.41696548388884,003996,0049,3
0.9998098611831664,4.531824036722759,220.8715657555488,001478,0085,5
0.9999992847442628,3.812676077443877,213.2062020470716,002190,0208,2
0.999998927116394,11.117223788187784,210.5340275038038,003836,0408,3
0.9999968409538268,11.189767198769522,211.13684291296127,003836,0412,3
0.9999748468399048,11.431306090592528,211.86119863924628,003836,0416,4
0.9984421133995056,9.31214993247428,210.0204538993308,003903,0191,4
0.9991649389266968,9.300813158909197,210.01328210254056,003903,0191,4
1.0,14.69368891316482,210.21501240534715,004381,0257,6
1.0,8.082864010704274,211.2939139409206,003903,0200,1
0.9999995231628418,14.131884712258124,212.8580052438976,003996,0057,5
0.9999966621398926,5.858291632101672,213.013522858425,002391,0040,2
0.9999974966049194,13.760387199121558,213.3411173506149,003971,0098,5
0.9999903440475464,13.986614222064416,213.4289654351049,003996,0061,5
0.9952419996261596,6.97105243999702,214.5748192013064,002391,0050,5
0.9999933242797852,13.814507726079798,214.7274675045364,003996,0070,5
0.999996304512024,12.9677442118038,215.85907544574476,003971,0114,4
0.9999927282333374,12.228619588535905,216.4485064607325,003971,0119,2
0.9999998807907104,5.985447638454117,217.31264841939893,002391,0068,3
0.9998987913131714,10.879675100035104,217.41829419719176,003836,0453,4
0.999999701976776,11.217245139954906,218.4050860016849,003836,0459,5
0.9999986886978148,13.14913972360502,218.78385108115097,003971,0133,5
0.9999998807907104,12.19497021608228,220.80100916259815,003996,0110,3
0.9999998807907104,12.503506467431436,221.11443859886825,003996,0112,4
0.9999997615814208,12.11388498667958,221.61757675725585,003996,0116,3
0.9999997615814208,12.472358859650516,221.62713575917948,003996,0115,4
0.9991369247436525,11.817385728640154,222.0508885766937,003971,0156,3
0.999902367591858,25.061644113053983,215.3404634802275,004674,0080,6
0.9999940395355223,15.2322706479094,210.82648567083217,005318,0060,2
0.9999957084655762,15.376837965923624,211.36303580209665,005326,0076,3
0.9999974966049194,14.646778722583443,211.46359704899103,005326,0077,1
0.9998899698257446,12.593270952795482,212.09343155898887,003971,0090,2
0.9999876022338868,13.314593377618626,212.29994592788427,003996,0055,3
1.0,12.663077850996766,213.1913571473462,003996,0061,2
0.9999998807907104,12.395666978440198,213.25413264923412,003996,0061,1
0.9993146657943726,13.254405437341653,213.63541419734733,003971,0100,4
0.9997126460075378,14.42466370793334,224.5385656011583,005322,0098,5
0.999999463558197,13.455357291618132,214.05293277273367,003996,0066,4
0.9999991655349731,12.947242944426277,214.1162179760493,003971,0103,3
0.9999833703041076,14.362590861074654,215.66385352519572,005326,0105,2
0.9999998807907104,14.424758456895484,215.91092611998485,005326,0106,2
0.999747097492218,12.91894383662656,216.47792696226443,003971,0119,4
0.9370148181915284,13.027814804168424,216.6187430580312,003971,0119,4
0.9999943971633912,13.124040763333614,216.4869038565167,003996,0082,4
0.9999974966049194,13.797904321958743,221.5534806950521,005326,0143,3
0.99998676776886,15.686440219945633,216.5725077235267,005322,0046,5
0.9999313950538636,13.169660465971786,221.7481293689483,005322,0082,1
0.9999999403953552,15.096455395558133,221.78719611750412,005326,0143,6
0.9992124438285828,15.659216357499997,217.52257433404137,005322,0052,5
0.9999685287475586,14.62462755729022,218.08886464093547,005322,0057,3
0.9999997615814208,14.936425053281264,219.55142402427356,005322,0066,4
0.9996380805969238,13.34841950020688,219.7526973988816,003971,0139,6
0.9485089778900146,12.49332709147535,220.52809714117933,003971,0145,4
0.9999788999557496,15.331190823418378,220.9581942379928,005326,0137,6
0.9978715181350708,13.713496421010316,212.59793142778383,003996,0056,4
0.9999998211860656,15.76437468044953,219.26999197764636,005308,0181,1
0.999941110610962,8.087050986816534,210.5541810961087,003903,0195,1
0.9992433786392212,10.621172968866013,210.74121900775395,003894,0047,2
0.9999791383743286,10.62886173683289,210.7208940878509,003894,0047,2
0.999885320663452,6.149409471946092,211.6574968912004,003905,0080,2
0.9999998807907104,6.569745347304778,211.82123836096736,003905,0080,3
0.9999991655349731,8.594350639262952,212.63521408995797,003909,0115,3
0.999997854232788,9.226890418209276,212.81775653865628,003903,0209,4
0.999770998954773,11.529680554298498,216.3574972295882,003836,0446,5
0.9998231530189514,8.169442756821537,218.034862657158,003909,0151,3
0.9999998807907104,10.794930888881185,218.484873026846,003836,0460,4
0.9999496936798096,8.846983613215624,220.6728306001208,003903,0261,5
0.9989160299301147,9.21108704916576,220.75511248065928,003836,0476,1
0.9996079206466676,9.938901889223182,221.71038875125615,003836,0482,3
0.9999955892562866,8.369222389839207,222.63819707327409,003903,0274,4
0.960353136062622,4.143835320468883,215.18129061000616,002190,0221,3
0.9808861017227172,4.154249748699447,215.0976723319257,002190,0221,3
0.9980514645576476,4.17144918668642,215.1891803854844,002190,0221,3
0.9999966621398926,5.803362060504273,222.0508484016592,003910,0079,3
0.9971497058868408,4.604740283078384,223.1811635517,002190,0274,5
0.9999969005584716,4.93762013546224,223.63001408463936,003910,0090,1
0.9999996423721312,6.201573739272893,220.30941143460308,002391,0088,4
0.9999552369117736,7.627839338526568,221.36198862436464,003903,0267,2
0.9999982118606568,7.091319165992135,223.07783085643248,003909,0184,2
0.9994690418243408,24.290278340893856,222.56379571055805,004649,0251,3
0.9999976754188538,3.8308818901242896,232.7767152795362,001478,0165,5
0.9999998807907104,24.21633403189494,230.98790766530996,004588,0162,4
0.9999998807907104,6.1943316718920745,239.1533343220245,003903,0385,4
0.9999989867210388,11.217056568710056,237.7180078319617,005322,0187,4
0.9999949932098388,12.022247608400074,233.05405961512903,005326,0219,4
0.9999997615814208,12.06360114165124,233.49531512033025,005322,0159,4
0.9999986290931702,15.621806358389698,233.00617355711896,005194,0769,4
0.9999940991401672,8.971171991035138,239.29674766722397,003972,0103,4
1.0,14.932751843683336,227.88928794024557,005314,0330,4
0.9999984502792358,15.901705966086336,228.9413440440368,005194,0743,2
0.9999986886978148,12.93052435404484,229.41218550974887,005322,0131,4
0.999999701976776,14.408790254540524,231.60988692226476,005308,0261,4
0.999999463558197,12.967882917987804,231.93823071065717,005322,0147,5
0.9999291896820068,16.00856581824367,233.6440928016685,005183,0657,5
0.99980628490448,16.17805115304067,233.5684523318047,005183,0657,5
1.0,12.33704758894508,233.7829542292306,005326,0223,5
0.9999994039535522,13.21783908163175,233.9240803239212,005317,0070,3
0.9999985694885254,16.22173700319623,236.3616908954297,004678,0231,3
0.9999999403953552,13.458840748175191,236.73342727922568,005308,0294,5
0.999995231628418,13.6652144255506,236.77963288583683,005194,0796,2
1.0,15.243225086806223,237.0159104578654,005323,0060,2
0.9999998807907104,11.888013762224393,237.3350196543453,005308,0301,2
0.9999994039535522,15.873367476713389,237.82296363139085,005323,0063,4
0.9997475147247314,15.937564967267246,238.70547161914936,005323,0068,5
0.9999989867210388,14.26755889126133,238.7416562641011,005194,0807,5
0.9999318718910216,14.35862465590291,239.3133592027512,005330,0068,5
0.9999975562095642,14.040266589125856,230.5260375380103,005314,0348,3
0.9999884963035583,14.507507552273625,238.78957299948672,005330,0064,5
0.9974310398101808,9.254778588628731,225.89553957646103,003894,0147,3
0.999998927116394,11.647592915510018,225.89649014393788,003972,0013,4
0.9999997615814208,8.58521780965234,226.8298188647384,003894,0154,2
0.999997854232788,11.032225018083352,227.79306670373532,003996,0157,3
0.9067891836166382,11.1188742202052,227.76462989254696,003996,0157,3
0.9997552633285522,8.6489340218392,229.40176075813457,003894,0171,3
0.999999701976776,11.764910777500935,230.77067741483904,005322,0142,2
0.9999632239341736,8.6114803156327,231.455418659878,003836,0547,3
0.9999998807907104,10.447053866874915,232.04148026014215,003972,0054,4
0.9999992847442628,8.446727538470581,234.95276915235317,003836,0570,4
0.9999995827674866,11.743578183486806,235.7683263307524,005326,0236,5
0.999951958656311,8.51162150771237,236.473107604133,003836,0579,5
0.9999476075172424,8.698046788360392,236.4786445215878,003836,0579,5
0.9999990463256836,9.977452150781492,236.94015239654104,003972,0086,5
0.9999999403953552,10.791155918031844,237.3664507815999,005322,0185,3
0.9999317526817322,8.03090407021117,237.89546107737,003836,0589,4
0.9999998807907104,10.509467012224793,237.28376989625883,005326,0248,3
0.9999972581863404,5.4481907758078,225.4163763917371,002391,0122,3
0.9999871850013732,5.012080101860502,226.8957401168276,003910,0111,2
0.9821203351020812,4.549135438370412,230.4617242615749,002391,0156,2
0.9998408555984496,4.51113724006721,230.454357211388,002391,0156,2
0.9999982714653016,5.146236392375813,232.6391006046457,002391,0170,4
0.9999940991401672,5.7930561831835305,234.0359721173729,003909,0258,2
0.9999998807907104,4.579930602184644,235.4868368706394,003910,0168,3
0.9999816417694092,4.307208498923854,237.4605523288131,002391,0203,3
0.9997721314430236,6.031934068982493,227.6434027227264,002391,0137,5
0.9999994039535522,6.443258400868727,228.0662259253857,003903,0312,1
1.0,7.829459062077708,232.59047566657117,003894,0193,2
0.9998865723609924,7.545591373082689,234.99267758876277,003836,0571,2
0.9999849796295166,7.5885033457915005,234.9989445378884,003836,0571,2
0.999860405921936,7.181674950380136,236.2652919968862,003894,0217,2
0.9999997615814208,8.1540717487101,226.88523711542516,003903,0302,5
0.9999909996986388,24.13642980904561,242.9100399654964,003900,0713,4
0.9999992847442628,16.08587656923913,244.18583832432208,004649,0397,3
0.999999463558197,15.703132672667932,244.4378090840222,004646,0335,2
0.999640703201294,10.13900357950725,241.8655546129684,005322,0215,4
0.9999998807907104,28.194686012725576,241.6814829491799,003997,0047,2
0.9999912977218628,24.275566021786155,242.90380332353385,003900,0712,4
0.9999980926513672,27.24116212325779,243.6301342965928,003997,0060,3
1.0,27.662467245728735,243.63179851495985,003992,0147,4
0.9994505047798156,24.741376631048187,243.7364289972375,003927,0115,2
1.0,26.45047779545856,243.9720965619389,003992,0154,2
0.999999463558197,27.72779718062642,247.16800389884008,003926,0145,5
0.999991774559021,26.774177402699223,247.58919301733755,003926,0151,4
1.0,24.125920139087217,249.55547283475025,003997,0101,5
0.9999818205833436,14.13576587011149,240.3349713850632,005323,0082,2
0.9999995231628418,14.510579053657338,240.9717302078915,004678,0263,3
0.999999701976776,13.58349980158298,242.00684429014805,004678,0271,2
0.9999980926513672,13.16356263929603,242.5121239969696,005194,0832,5
0.9999971985816956,13.096975682581292,242.5150238139496,005194,0833,5
0.9992907643318176,13.14283258427427,243.1753869491308,004678,0280,2
0.999997615814209,11.696561430106817,245.001502619668,005330,0108,3
0.9999977946281432,14.58614428241359,245.16536808713803,004674,0279,4
0.9999992847442628,11.904977287642986,245.6431221596034,005330,0112,4
0.9999998211860656,11.739368774217908,245.9449279114214,005330,0114,4
0.9996187686920166,13.58358804887522,246.88430179921724,004670,0330,3
0.9999992847442628,11.531937731571128,247.8142115409813,004678,0312,2
0.9984731674194336,14.655857982166118,246.57373498917417,004649,0415,2
0.9999998807907104,9.117666740396864,241.9732651219021,005322,0217,2
0.9999998807907104,10.298109905879452,243.2525746743501,005308,0341,2
0.999985694885254,10.56379764380902,245.2231781973425,005308,0353,4
0.9836417436599731,10.609173158959171,245.19145870474856,005308,0353,4
0.9999969005584716,9.872570991582103,245.8847490828105,005308,0358,3
0.9999946355819702,6.544252168817768,243.0855512476316,003836,0625,3
0.9999547004699708,6.7488268138511085,247.69255717721413,003972,0160,3
0.9999998807907104,27.98159330911493,344.3396057317623,006354,0139,4
1.0,14.754005325474663,343.9550858873552,001739,0199,5
0.9999998807907104,24.10265617760208,343.0651255255931,004880,0103,5
0.9999939203262328,24.7109829985153,344.8137257112997,006354,0160,1
0.9999850988388062,32.18901404003674,341.9328443591023,006182,0275,5
0.9999708533287048,30.252133552854158,342.57090575675335,006182,0288,4
0.9999998807907104,29.8299585485863,342.0134173579712,006354,0122,2
0.9999992847442628,28.907060657284013,341.9397809012375,006182,0294,1
0.9999954700469972,29.014429636607808,343.34784350679706,006354,0130,3
0.999819815158844,27.253914242730417,359.9378485155488,004135,0288,2
0.9999953508377076,30.672579421292085,359.62492566937163,004135,0266,3
0.9999871850013732,14.376065842419296,346.94097586504586,002566,0224,4
0.9919692277908324,14.392252897670826,346.9646750487725,002566,0224,4
0.9999997615814208,13.810041879092427,351.177589866641,002566,0251,2
0.9999989867210388,15.03268342642568,352.7953964722284,001739,0256,4
0.9999998807907104,15.743948623668684,354.03573434063634,002566,0270,6
0.9999984502792358,14.233840467940723,357.8494005124376,002566,0294,2
0.9998739361763,14.585286124692074,358.2651198940947,002566,0297,3
0.9999991655349731,15.45975426398982,359.1832119147909,002566,0303,5
0.9999990463256836,16.090607177421884,359.683387581134,001739,0301,6
1.0,25.87435601650884,346.288399184079,006354,0157,5
0.9999935626983644,26.548017717262745,359.8507386287755,004152,0115,1
0.9999994039535522,24.144832327375305,347.66214340937023,006366,0094,6
0.999990701675415,31.1297121038716,359.6375565004157,004152,0085,3
0.9999998807907104,8.503613470475877,224.334173162801,003903,0285,5
0.9999995231628418,5.9367538288998265,146.03777755552346,002986,0184,4
0.9999988079071044,7.764495955899364,235.7034470112789,003894,0213,3
0.9999971985816956,6.838308412063828,240.4516387355156,003894,0245,3
0.9999964237213136,6.12566037940535,243.10467573552685,003836,0625,2
0.999994158744812,23.954400010751776,176.65161850070967,005224,0156,2
0.9999665021896362,25.397809295765647,141.15888991710884,005045,0204,5
0.9509134888648988,25.33576509680312,141.01485403033325,005045,0204,5
0.999963879585266,25.634242581984097,141.21998170870887,005038,0105,6
0.9999991655349731,24.048344861320995,142.65391079517778,005061,0196,6
0.9999986886978148,25.81198252734384,147.3974749511549,004632,0046,1
0.9999995231628418,27.597230516512997,152.29093101066823,004632,0077,2
0.9999997615814208,27.338766050697487,152.7051401647636,004632,0079,1
0.9999992847442628,24.06563868066157,152.8175793976353,005112,0287,4
0.9999916553497314,27.853962485040352,156.14370926312947,005061,0281,6
1.0,24.780304408696757,160.11554706841656,005112,0331,2
0.9998186826705932,25.662463104701985,165.58919418696348,005112,0365,2
0.9999971389770508,28.12212277446692,166.43854822718018,005071,0338,2
0.9999761581420898,25.918006931871137,168.19866903775275,005112,0381,2
0.9999929666519164,27.909776372062456,171.53301378647143,005112,0402,6
0.9999995231628418,25.94557810781144,173.73936755713646,005087,0148,1
1.0,26.35013980349304,177.48589553313067,005112,0436,1
0.9989328384399414,27.25070552835517,178.12235612486995,005112,0441,3
0.9999580979347228,27.347302827558156,179.35034778624893,005112,0448,3
1.0,27.83549374273804,187.9945608695645,005115,0109,4
0.9999945163726808,27.393638698607308,200.71624353109976,005115,0184,5
0.999814510345459,26.91191448950721,201.43488246044424,005115,0189,4
0.9999998807907104,25.753361650375385,205.47139693995268,004674,0021,3
0.9999992847442628,26.796173242437774,206.4620355847867,004674,0025,6
0.9999916553497314,28.03148914373885,211.24788181143688,004646,0115,5
0.9999986886978148,27.98783723683295,211.31100065147243,004649,0180,5
0.999997615814209,26.24604124790861,214.21765674797925,004646,0135,2
0.9999784231185912,26.556054505059592,217.5576787049048,004649,0218,5
0.9999637603759766,24.765281072714217,228.26137736602905,004588,0145,3
1.0,24.436868353765863,235.7212424425896,004576,0747,5
0.999996542930603,24.463197364869536,139.45903270734513,005045,0193,4
0.9999992847442628,26.47351728412353,144.7351442879271,005038,0127,5
0.9999971389770508,28.104694207258035,148.53877603241747,005038,0152,6
0.9999973177909852,24.723535405490008,153.88684032905235,005112,0294,5
0.9993350505828856,24.29785173985613,155.01920380298606,005080,0276,4
0.9938045740127563,24.443203350975832,155.0671065400694,005080,0276,4
1.0,25.73877473661358,158.11338692405678,005112,0321,5
0.9999794960021972,27.05044421884581,159.89200033318824,005071,0299,2
1.0,28.056411021595807,166.78208122879445,005061,0342,2
0.999981164932251,26.83252026421796,166.89102566014904,005087,0108,5
0.9999985694885254,24.06090505526652,167.87294805563738,005224,0103,4
0.9999970197677612,27.672598422473182,171.09944993816544,005087,0134,6
0.9999980926513672,24.253025522266444,171.2557073985528,005140,0129,3
0.9999999403953552,27.742916367596628,171.42487883419733,005087,0136,6
0.996908724308014,24.299228030315344,171.66101208741853,005140,0131,3
0.9999994039535522,24.53604737726256,172.12955277470536,005224,0129,4
0.9999988079071044,25.654165883609487,172.5034240741972,005140,0137,6
0.9999980926513672,24.29249832472331,172.59779772452674,005140,0137,3
0.9999964833259584,24.72025489645385,174.2022112732992,005224,0142,4
0.9999959468841552,25.480528049325542,176.19244294259005,005116,0049,5
1.0,27.4181468881654,176.77791410960202,005087,0167,4
0.9999498128890992,24.92605925465326,177.654490282369,005224,0163,4
1.0,25.46081535963296,178.75473382575532,005224,0170,5
0.9999130964279176,25.048321451082217,179.46668748050712,005224,0174,4
0.9999995231628418,26.900685246050195,179.6891110120143,005112,0450,2
0.9999997615814208,24.758974372571465,180.08978408536038,005116,0072,3
0.99996417760849,25.69478536299343,180.12199968807192,005116,0073,5
1.0,27.066538326063338,181.80571725645868,005087,0197,3
0.9999997615814208,26.76542735108822,184.07726364905344,005087,0210,2
0.9999054670333862,25.742500763431064,184.87520515243253,005116,0101,5
0.9999970197677612,24.71250163447156,185.3261908075125,005224,0209,3
0.9999983310699464,27.99845047574504,185.72671604689583,005087,0220,5
0.9999395608901978,25.51157741466313,186.5329336753152,005224,0217,5
0.9999990463256836,27.504062899735057,186.58099438054987,005087,0225,4
0.9999924898147584,24.281364501150247,186.59176024833744,005224,0217,2
0.9999994039535522,25.089702641716467,187.0531360435189,005224,0220,4
0.9999966025352478,26.78360915691808,187.1020687350476,005087,0228,2
0.9999963641166688,24.548680280896452,188.81190150905636,005224,0231,3
1.0,27.14775097012771,189.1693718595279,005087,0240,3
0.9999921321868896,27.532800637789517,189.3135788793401,005087,0241,4
0.9999963641166688,27.29760702859337,190.88547530385685,005115,0126,3
0.999951720237732,25.29109686804478,190.9683794910339,005116,0138,4
0.9999998807907104,24.66334956818466,191.4301530855868,005116,0141,3
0.9999999403953552,24.999135675737627,192.20387231300305,005224,0251,4
0.9999997615814208,26.72966168850436,195.9872355870828,005087,0281,3
0.9999966621398926,24.94365395299276,196.3033239507986,005116,0170,4
0.9999945163726808,24.09230087694455,197.343334470712,005224,0283,3
0.9999997615814208,24.74217299536287,199.5317261392317,005224,0295,5
0.9999946355819702,26.73967697228502,200.41252686380227,005087,0307,4
0.9999841451644896,25.797412514101197,202.4130394196512,005115,0196,2
0.9999999403953552,25.62685761388208,202.8898485152911,005087,0323,2
1.0,26.17939516692636,203.3245715760159,005115,0201,3
0.9999991655349731,27.23864765845072,204.26495264517143,005115,0205,6
0.9999984502792358,26.99440677257028,204.8474961161311,004674,0016,6
0.9999988079071044,25.04047952484564,208.7392812199489,004670,0079,2
0.999998927116394,27.71000946213709,209.66834439090948,004649,0171,4
0.9999995231628418,25.26028312881294,211.4654839715004,004670,0094,4
0.9999999403953552,25.559425398464025,212.7693290685748,004670,0102,5
0.9999548196792604,25.716725238976668,216.3842051688593,004646,0148,2
0.9999999403953552,27.24438881192048,216.52549434027188,004649,0211,6
0.9999983310699464,27.68904080640013,216.7138989698764,004623,0356,2
0.9999995231628418,27.891598681442776,217.95700287585757,004623,0363,3
0.9999999403953552,25.051251495232837,218.33348795727125,004649,0225,2
0.9999997615814208,25.96999528542208,219.9729797456948,004649,0233,5
0.9999998211860656,25.836116109110502,222.0421682859666,004649,0245,6
0.9999579191207886,27.43184695707145,222.5633058493492,004628,0054,5
0.9999516010284424,24.940039064664184,222.62919372991144,004646,0186,4
0.9997241497039796,24.821542426127785,222.62553831609625,004646,0186,4
0.9999937415122986,27.61979423651627,223.35613376220556,004628,0058,6
0.9999966621398926,25.521339800448946,223.89520866606296,004628,0066,2
0.9999998211860656,26.003917238685027,225.43804606334436,004628,0073,4
0.9999997615814208,25.905253294890976,227.3276832949978,004588,0137,5
0.9999996423721312,26.03133842187108,227.68856805194144,004628,0086,6
0.9999966621398926,25.53307198502418,228.47419665935075,004588,0144,5
0.9940287470817566,25.71890177019201,228.4233485887743,004588,0144,5
0.9999996423721312,26.29410643960446,229.97535938460803,004570,0145,3
0.9999991655349731,24.742313472984357,232.31536059591292,004570,0162,2
0.9999994039535522,24.43731730670966,234.8776866995648,004576,0743,4
0.9833415746688844,24.315526268740356,234.81408382577865,004576,0743,4
0.9999957084655762,24.2563804851145,236.6092005055597,004570,0187,5
0.9999911785125732,24.257051033063284,238.1856285600394,004010,0168,3
0.999998927116394,9.21693969903316,206.57255708069744,003903,0168,3
0.999974012374878,23.985588893623444,183.798815189917,005116,0095,1
0.9999994039535522,23.98677865165796,188.4237208232702,005116,0123,1
0.9999251961708068,23.864112125517725,189.352858004853,005224,0234,1
0.9999998807907104,23.949957841947302,207.8259689130299,005116,0241,5
0.9998809099197388,15.407205250270671,326.1972021604264,006177,0303,4
0.988963544368744,13.96605509247652,339.906785950747,001739,0172,4
0.9275397062301636,15.205487022568017,343.0187523449152,001739,0193,6
1.0,14.80057082410688,343.7809657182964,001739,0198,5
0.9999983310699464,14.17040263953889,345.76253619556775,001739,0210,3
0.999573290348053,14.017719616421092,346.2171654279714,002566,0219,3
0.9998321533203124,14.366088996534712,347.31830699445857,002566,0226,4
0.9999999403953552,16.02217907939084,349.7654776241944,006354,0225,1
0.9995985627174376,13.837762604350097,350.88209961433915,002566,0249,2
0.9999979734420776,14.427960075279907,350.9313341056586,001739,0244,3
0.999932050704956,14.831444947688883,350.92946782544743,001739,0244,4
0.9999696016311646,15.885508856467071,351.04681711631497,006366,0153,4
0.9999998807907104,15.078286323098792,351.5587788400395,002566,0254,5
0.9999994039535522,14.81324091074317,351.8687586941689,002566,0256,4
0.9999998807907104,15.04479858353208,0.7960527122296347,002566,0314,4
0.9999999403953552,15.51076182125618,1.6430466259062702,002566,0319,5
0.999995231628418,15.754951145793552,1.9659355851045737,001739,0315,5
0.9999997615814208,15.139139923702158,5.775125198906199,002566,0346,4
0.9999996423721312,15.99394966487296,6.040421824923724,002566,0347,6
0.9988696575164796,14.367613173502672,6.277177040791933,001904,0191,2
0.9999999403953552,14.618597613827545,9.868201208704786,001035,0029,3
0.9999957084655762,14.235480796008392,10.23343549889344,001035,0031,2
0.9973225593566896,14.0511628064579,12.253577957504795,001035,0045,2
0.9997609853744508,15.214273864905536,16.02062207669877,001035,0069,5
0.9994118213653564,15.272396212314357,16.149504692681628,001035,0069,5
0.9998366236686708,14.660363426963492,21.761582137872992,001043,0142,4
0.9999992847442628,14.502160869965458,21.98624962779351,001035,0107,4
0.999984622001648,15.24841740105737,22.13754410824717,001035,0108,6
0.999998927116394,14.66026233637062,24.35459034988207,001035,0122,5
0.9999994039535522,26.683422030049936,165.17720823038036,005087,0098,5
0.999971866607666,26.90851302230098,166.73842822997634,005087,0107,5
0.9999802112579346,28.100067834519507,168.81098550674653,005071,0352,1
0.9999998807907104,27.180623273931914,169.05803433289856,005087,0121,5
0.9998183250427246,27.172693358117154,171.750549365707,005112,0403,4
0.9990997910499572,26.077025854523384,172.72433029970867,005112,0408,1
0.9999845027923584,25.98331695010565,178.31847272533034,005116,0062,6
0.9998083114624025,28.03672846370478,178.32426445843973,005112,0442,5
0.999999701976776,27.213341053248605,183.35170419155097,005087,0206,3
0.9789196252822876,27.52986744932142,187.41702617129664,005087,0230,4
0.9999871253967284,26.31007248136805,190.06183363064304,005087,0246,1
0.9997027516365052,26.32188593403141,190.0071208863101,005087,0246,1
0.9999996423721312,27.73606733157589,190.50172383476857,005115,0124,4
0.9901720285415648,27.7887550123643,190.4853690402356,005115,0124,4
0.9999982118606568,27.721826148060785,190.84664348517296,005115,0126,4
0.999987542629242,27.294498568207416,190.9175336966118,005115,0127,3
0.99999737739563,27.965910775102977,191.15584341597187,005087,0252,5
0.9597388505935668,27.89144945464952,191.1847201349757,005087,0252,5
0.999967098236084,27.034467974598268,118.180963412248,002864,0061,3
0.99999338388443,26.93045572887774,119.45093597501484,002961,0035,5
0.9999997615814208,26.305320509207878,121.00799037861594,003462,0075,5
0.9999566674232484,26.27653648070216,121.7554793824401,003462,0078,4
0.9999722242355348,26.09473861369493,123.23026809963098,003560,0104,5
